Product,Sector,Category 1,Category 2,Material 1,Material 2,Weight,CarbonFootprint
226,5,5,7,0,2,0.7485,2.0
227,5,5,7,0,2,0.7485,2.0
460,2,6,6,8,3,20.68,72.54
441,3,4,6,6,0,110.0,1488.0
441,3,4,6,6,0,110.0,1818.0
441,3,4,6,6,0,110.0,2274.0
299,1,2,7,7,3,1500.0,10000.0
508,4,3,1,3,1,1000.0,1102.0
523,6,0,8,7,3,0.7665,15.0
20,6,0,8,7,3,0.997,15.0
20,6,0,8,7,3,0.997,16.0
17,6,0,8,7,3,0.997,16.0
572,6,0,8,7,3,0.68,8.6
572,6,0,8,7,3,0.88,8.6
573,6,0,8,7,3,0.68,7.7
573,6,0,8,7,3,0.88,7.7
18,6,0,8,7,3,0.997,15.0
19,6,0,8,7,3,0.997,16.0
574,6,0,8,7,3,0.68,16.0
522,6,0,8,7,3,0.7665,16.0
521,6,0,8,7,3,0.7665,16.0
520,6,0,8,7,3,0.7665,15.0
520,6,0,8,7,3,0.7665,16.0
344,3,4,6,6,0,16.03449,1616.172
345,3,4,6,6,0,15.898413,1523.19
119,3,4,6,6,0,31.365912,2358.38
346,3,4,6,6,0,16.03449,1524.56
347,3,4,6,6,0,16.66952,1617.69
348,3,4,6,6,0,18.37049,1978.08
349,3,4,6,6,0,17.576704,1957.73
350,3,4,6,6,0,27.4877,2106.94
351,3,4,6,6,0,27.44234,2005.36
352,3,4,6,6,0,27.44234,2387.57
353,3,4,6,6,0,27.75985,2744.39
354,3,4,6,6,0,27.44234,2747.47
356,3,4,6,6,0,22.45282,1140.41
120,3,4,6,6,0,31.365912,3236.35
357,3,4,6,6,0,23.019813,1498.6
358,3,4,6,6,0,25.4012,1678.97
359,3,4,6,6,0,28.03201,2132.34
360,3,4,6,6,0,57.1526,2923.11
361,3,4,6,6,0,57.1526,3127.248
362,3,4,6,6,0,118.07009,2536.12
363,3,4,6,6,0,118.07009,2973.37
364,3,4,6,6,0,118.07009,3335.99
121,3,4,6,6,0,32.6587,3128.864
116,3,4,6,6,0,20.32094,1968.62
117,3,4,6,6,0,20.50238,3143.478
118,3,4,6,6,0,20.91061,3024.602
340,3,4,6,6,0,23.700201,2597.12
342,3,4,6,6,0,15.807694,1504.51
343,3,4,6,6,0,15.807694,1490.36
426,1,2,7,4,4,1000.0,5846.0
426,1,2,7,4,4,1000.0,10245.0
316,1,2,7,4,4,1000.0,3197.1
63,1,2,7,4,4,1000.0,3113.0
63,1,2,7,4,4,1000.0,6309.0
64,1,2,7,4,4,1000.0,4286.0
23,1,2,7,4,4,1000.0,876.0
24,1,2,7,4,4,1000.0,396.0
79,1,2,7,4,4,1000.0,1088.0
273,1,2,7,4,4,1000.0,10607.0
317,6,0,8,4,4,0.1471,7.0
435,3,4,4,4,4,0.136,4.32
665,5,5,7,4,4,1000.0,650.0
597,5,5,7,4,4,1000.0,650.0
677,4,3,1,4,4,1500.0,1750.0
269,3,4,4,6,0,0.1,1.719
0,3,4,4,4,4,0.0907185,1.28
179,3,4,4,4,4,0.0907185,1.28
180,3,4,4,4,4,0.0907185,1.28
636,3,4,4,4,4,0.0085,2.285
637,3,4,4,4,4,0.0085,2.29
181,3,4,4,4,4,0.181437,1.67
218,4,3,1,4,4,1.0,3.0
183,6,4,2,6,0,2.32,320.0
305,6,0,8,4,4,4.2,20.0
483,1,2,7,4,4,500.0,200.0
411,1,2,7,4,4,20.0,71.0
267,1,2,7,4,4,20.0,4.0
57,1,2,7,4,4,9.0,8.0
493,1,2,7,4,4,25.0,42.0
599,1,2,7,4,4,17736.0,6469.0
201,1,2,7,4,4,160.0,139.0
603,1,2,7,4,4,12000.0,99075.0
674,2,4,4,4,4,20.0,5.6724
16,5,8,5,6,0,100.0,31.37
132,5,5,7,6,0,12.029,3.02
132,5,5,7,6,0,12.029,3.07
133,5,5,7,6,0,15.53,2.06
133,5,5,7,6,0,15.53,2.0519
167,5,5,7,6,0,13.67,3.732
560,3,4,4,4,4,19.28,1600.0
107,3,4,4,4,4,0.816,56.0
429,3,4,4,4,4,19.28,10273.0
1,5,5,7,4,4,0.1,0.07
446,5,5,7,4,4,0.1,0.032
446,5,5,7,4,4,0.12,0.052
206,5,8,9,6,0,0.54167,0.1405
205,5,8,9,6,0,0.54167,0.1405
207,5,8,9,6,0,0.54167,0.1405
447,5,5,7,0,2,0.02,0.184
447,5,5,7,0,2,0.02,0.143
447,5,5,7,0,2,0.02,0.125
70,3,4,10,6,0,0.218,12.0
431,3,4,10,6,0,0.218,12.0
454,3,4,10,6,0,0.142,16.0
453,3,4,4,6,0,0.085,8.0
200,3,4,4,4,4,1.06,7.5
320,3,4,4,4,4,1.34,86.2
99,3,4,6,4,4,0.5448,28.2
509,3,4,4,4,4,0.45,9.0
548,3,4,4,4,4,0.42,1.617
601,3,4,4,4,4,0.25,0.069
304,3,4,4,4,4,0.112,8.96
568,3,4,4,4,4,0.0028,0.145
65,3,4,0,4,4,0.034,3.3
65,3,4,0,4,4,0.034,1.1
65,3,4,0,4,4,0.034,0.6
98,3,4,6,4,4,0.25,28.2
147,2,4,4,4,4,1.062,60.58
147,2,4,4,4,4,1.062,60.64
660,5,5,7,4,4,0.0325,0.08
661,5,5,7,4,4,0.05,0.12
517,5,5,7,4,4,0.04,0.07
518,5,5,7,4,4,0.324,0.65
245,3,4,4,4,4,0.0907185,25.5
680,3,4,4,4,4,1.8,244.09
111,3,4,4,4,4,0.0907185,1.62
111,3,4,4,4,4,0.0907185,12.0
315,3,4,4,4,4,6.3,33.31
514,3,4,4,4,4,2.8,88.96
5,3,4,6,4,4,2.4,70.02
430,3,4,10,6,0,0.31,19.38
433,3,4,6,4,4,7.4,66.19
433,3,4,6,4,4,5.8,74.83
514,3,4,4,4,4,3.4,83.18
514,3,4,4,4,4,4.4,99.68
430,3,4,10,6,0,0.35,53.36
430,3,4,10,6,0,0.35,16.21
315,3,4,4,4,4,8.2,69.12
315,3,4,4,4,4,5.8,24.04
276,3,4,4,4,4,14.2,146.41
276,3,4,4,4,4,7.0,66.16
515,3,4,0,4,4,7.5,182.927
432,3,4,10,6,0,0.11,18.756
194,3,4,0,4,4,0.8,25.517
550,3,4,0,6,0,1.4,20.886
433,3,4,6,4,4,11.0,105.56
10,3,4,4,4,4,23.0,174.46
428,3,4,4,4,4,0.7,25.72
600,3,4,4,4,4,0.162,6.13
93,3,4,4,4,4,0.13,52.2
97,3,4,4,4,4,0.1375,57.1
95,3,4,4,4,4,0.205,65.1
94,3,4,4,4,4,0.178,62.8
96,3,4,4,4,4,0.192,79.9
536,3,4,4,4,4,33.0,1640.0
528,3,4,6,6,0,214.0,2400.0
529,3,4,6,6,0,130.0,2100.0
530,3,4,6,6,0,73.0,1297.0
531,3,4,6,6,0,97.0,3210.0
535,3,4,6,6,0,550.0,7368.0
533,3,4,4,4,4,99.9,1940.0
534,3,4,4,4,4,241.0,6140.0
532,3,4,4,4,4,74.0,1330.0
519,3,4,4,4,4,600.0,8080.0
544,4,3,1,4,4,1000.0,968.0
52,4,3,1,4,4,1000.0,1031.6
463,4,7,7,5,3,1000.0,949.0
482,4,3,1,4,4,1000.0,1042.8
638,4,7,7,5,3,1000.0,1033.0
331,4,3,1,4,4,1000.0,1060.9
462,4,7,7,5,3,1000.0,973.0
51,4,3,1,4,4,1000.0,1082.6
30,2,4,4,4,4,0.21,19.1
26,2,4,4,4,4,0.21,19.1
26,2,4,4,4,4,0.21,61.23
170,7,8,4,4,4,1000.0,746.0
169,7,8,4,4,4,1000.0,746.0
106,7,8,4,4,4,1000.0,964.0
591,7,8,4,4,4,1000.0,964.0
586,1,2,7,4,4,1.0,1.32
585,1,2,7,4,4,1.0,1.1
585,1,2,7,4,4,1.0,1.01
184,1,2,7,4,4,1.0,1.29
336,1,2,7,4,4,1.0,1.19
593,6,0,8,4,4,0.8172,2.526
594,6,0,8,4,4,0.8172,8.38
174,2,4,4,4,4,1.82,55.67
177,2,4,4,4,4,2.7,88.13
168,2,4,4,4,4,2.7,88.13
9,2,4,4,4,4,0.5,2.15
77,6,0,8,4,4,13.05,23.0
75,6,6,12,8,3,51.7,150.0
334,6,6,6,8,3,19.773,120.0
202,6,0,8,4,4,6.165,29.0
220,6,0,8,4,4,32.916,94.0
225,6,0,8,4,4,154.804,380.0
229,6,0,8,4,4,35.331,71.8
235,6,0,8,4,4,35.38,170.0
236,6,0,8,6,0,35.38,180.0
274,6,0,8,4,4,35.298,98.0
300,6,0,8,4,4,37.0,51.5
620,6,0,8,8,3,44.706,160.0
32,6,0,8,8,3,44.706,160.0
330,6,0,8,4,4,26.183,87.8
333,6,0,8,4,4,25.0,120.0
436,6,0,8,4,4,38.337,39.6
450,6,0,8,4,4,31.0,110.0
461,6,0,8,4,4,40.9,95.0
484,6,0,8,4,4,14.963,60.0
502,6,0,8,4,4,23.623,90.9
516,6,0,8,4,4,5.17,56.0
524,6,0,8,4,4,17.7,101.0
566,6,8,5,6,0,52.221,110.8
567,6,0,8,4,4,52.221,110.8
615,6,0,8,4,4,67.323,52.6
606,6,0,8,4,4,47.334,49.7
639,6,0,8,4,4,69.78,103.8
664,6,0,8,4,4,5.057,18.8
625,6,6,6,8,3,17.252,85.5
627,6,6,6,8,3,17.252,85.5
8,6,0,8,4,4,21.77,100.2
31,6,0,8,4,4,44.706,160.0
56,6,0,8,4,4,13.01,111.2
76,6,0,8,4,4,34.8,110.0
74,6,0,8,8,3,42.1,100.0
228,1,2,7,4,4,1.0,2.8
259,1,2,7,4,4,1.0,3.72
280,1,2,7,4,4,1.0,4.82
552,1,2,7,4,4,1.0,1.02
582,1,2,7,4,4,1000.0,1282.0
577,1,2,7,4,4,1000.0,1057.0
577,1,2,7,4,4,1000.0,1006.0
577,1,2,7,4,4,1000.0,870.0
583,1,2,7,4,4,1000.0,701.0
584,1,2,7,4,4,1000.0,840.0
578,1,2,7,4,4,1000.0,764.0
579,1,2,7,4,4,1000.0,504.0
581,1,2,7,4,4,1000.0,701.0
580,1,2,7,4,4,1000.0,1083.0
264,4,3,1,4,4,1000.0,2425.0
265,4,3,1,4,4,1000.0,2615.0
158,4,3,1,4,4,1000.0,2549.0
159,4,3,1,4,4,1000.0,2746.0
232,4,3,1,4,4,1000.0,2611.0
233,4,3,1,4,4,1000.0,2820.0
618,7,8,4,4,4,0.009,0.017
618,7,8,4,4,4,0.009,0.016
619,7,8,4,4,4,0.01,0.018
617,7,8,4,4,4,0.01,0.018
617,7,8,4,4,4,0.01,0.017
616,7,8,4,4,4,0.028,0.046
616,7,8,4,4,4,0.028,0.042
103,3,4,4,4,4,14.6,9438.0
104,3,4,4,4,4,14.6,9438.0
104,3,4,4,4,4,14.6,1766.0
102,3,4,4,4,4,1.08,93.68
105,3,4,4,4,4,1.08,93.68
105,3,4,4,4,4,1.08,40.0
101,3,4,4,6,0,0.029,2.18
100,3,4,4,4,4,0.029,2.18
100,3,4,4,4,4,0.029,2.0
605,3,4,4,4,4,0.599,111.0
260,3,4,4,4,4,0.599,111.0
230,6,0,8,4,4,13.44,377.6
341,6,0,8,4,4,13.44,363.0
46,2,4,4,4,4,370.69,1408.62
504,2,4,4,4,4,1.0,2.52
647,0,1,3,4,4,993.0,21725.0
646,0,1,3,4,4,993.0,21725.0
657,0,1,3,4,4,993.0,21725.0
644,0,1,3,4,4,1358.056,22218.0
643,0,1,3,4,4,1394.343,22218.0
655,0,1,3,4,4,1394.343,22218.0
655,0,1,3,4,4,1358.056,22218.0
485,0,1,3,4,4,1539.039,28011.0
645,0,1,3,4,4,1539.039,28011.0
656,0,1,3,4,4,1539.039,28011.0
60,0,1,3,4,4,1460.114,30647.0
371,0,1,3,4,4,1539.039,34694.0
372,0,1,3,4,4,1539.039,33683.0
648,0,1,3,4,4,929.8644,21488.0
659,0,1,3,4,4,929.8644,21488.0
61,0,1,3,4,4,1895.109,37094.0
642,0,1,3,4,4,1128.0,28608.0
654,0,1,3,4,4,1128.0,28608.0
658,0,1,3,4,4,1185.0,7550.0
54,2,4,4,6,0,59.0,15196.6
53,2,4,4,4,4,59.0,40215.0
25,2,4,4,4,4,25.9,17074.4
209,2,4,4,4,4,90.0,53057.5
209,2,4,4,4,4,90.0,87589.36467
209,2,4,4,4,4,90.0,20007.62
495,3,4,4,4,4,25.5,584.0
161,3,4,4,4,4,46.308,2445.0
162,3,4,4,4,4,368.8,7090.0
160,3,4,4,4,4,34.0194,2110.0
160,3,4,4,4,4,34.0194,2011.0
496,3,4,4,4,4,44.0,2000.0
673,3,4,4,4,4,158.5,4216.0
670,3,4,4,4,4,137.2,1300.0
671,3,4,4,4,4,137.2,1500.0
672,3,4,4,4,4,137.2,1700.0
512,3,4,4,4,4,3.6,42.2
498,3,4,4,4,4,0.11,13.8
445,3,4,4,4,4,0.11,2.5
614,3,4,4,4,4,0.24,8.3
2,0,1,3,4,4,8.7,256.5
2,0,1,3,4,4,8.7,287.68
3,0,1,3,4,4,160.0,1881.0
3,0,1,3,4,4,160.0,1734.0
114,2,4,4,4,4,31.8,40.79
113,2,4,4,6,0,31.8,35.16
222,2,4,4,4,4,2.5,20.04
112,2,4,4,6,0,15.9,18.76
270,2,4,4,4,4,2.4062,89.567
537,2,4,4,4,4,2.4062,34.15
623,1,2,7,4,4,1.0,1.32
503,1,2,7,4,4,1.0,1.32
503,1,2,7,4,4,1000.0,1320.0
506,1,2,7,4,4,1.0,1.33
505,1,2,7,4,4,1.0,1.33
505,1,2,7,4,4,1000.0,1330.0
624,1,2,7,4,4,1.0,1.77
507,1,2,7,4,4,1.0,1.77
507,1,2,7,4,4,1000.0,1770.0
29,3,4,4,5,3,2.35868,8.8
313,3,4,4,4,4,1000.0,1600.0
477,3,4,4,4,4,1000.0,10202.0
455,3,4,4,5,3,1000.0,1330.0
62,3,4,4,4,4,1000.0,10202.0
663,3,4,4,4,4,1000.0,10202.0
124,3,4,4,4,4,1000.0,10202.0
124,3,4,4,4,4,0.25,5.3
28,3,4,4,4,4,8.05,5.4
28,3,4,4,4,4,8.05,5.3
456,3,4,4,5,3,2.95,5.4
560,3,4,4,4,4,19.97,2.4
608,3,4,4,8,3,0.35,5.3
562,3,4,4,4,4,1000.0,3248.0
641,3,4,4,4,4,0.35,3.6
178,3,4,4,4,4,1000.0,1600.0
497,3,4,10,6,0,1000.0,1600.0
480,3,4,4,4,4,1000.0,1600.0
115,3,4,4,4,4,1000.0,1600.0
318,3,4,4,4,4,1000.0,1600.0
478,3,4,4,4,4,1000.0,1600.0
592,3,4,4,4,4,1000.0,1600.0
631,0,1,3,4,4,9.07185,118.0
47,6,0,8,4,4,7.2,126.0
224,4,3,1,4,4,1000.0,549.2
223,4,3,1,4,4,1000.0,554.94
223,4,3,1,4,4,1000.0,451.46
609,4,3,1,4,4,1000.0,918.0
611,4,3,1,4,4,1000.0,918.0
570,4,5,7,0,2,1000.0,597.0
569,4,3,1,4,4,1000.0,782.0
612,4,3,1,4,4,1000.0,918.0
610,4,3,1,4,4,1000.0,918.0
613,4,3,1,4,4,1000.0,900.0
412,4,3,1,4,4,1000.0,807.0
413,4,3,1,4,4,1000.0,767.0
414,4,3,1,4,4,1000.0,369.0
415,4,3,1,4,4,1000.0,804.0
416,4,3,1,4,4,1000.0,534.0
417,4,3,1,4,4,1000.0,767.0
418,4,3,1,4,4,1000.0,766.0
135,4,3,1,4,4,1000.0,482.0
134,4,3,1,4,4,1000.0,804.0
419,4,3,1,4,4,1000.0,767.0
420,4,3,1,4,4,1000.0,767.0
421,4,3,1,4,4,1000.0,811.0
422,4,3,1,4,4,1000.0,534.0
423,4,3,1,4,4,1000.0,776.0
67,4,5,7,0,2,1000.0,478.0
66,4,3,1,4,4,1000.0,811.0
139,4,3,1,8,3,1000.0,359.0
138,4,3,1,4,4,1000.0,534.0
137,4,3,1,8,3,1000.0,359.0
136,4,3,1,4,4,1000.0,534.0
301,4,3,1,4,4,1000.0,398.0
82,4,3,1,5,3,1000.0,781.0
83,4,3,1,5,3,1000.0,792.0
81,4,3,1,5,3,1000.0,781.0
237,7,8,4,6,0,0.416,0.153
237,7,8,4,6,0,0.416,0.11
237,7,8,4,6,0,0.416,0.117
237,7,8,4,6,0,0.416,0.171
90,7,8,4,4,4,1000.0,407.0
604,3,8,5,6,0,0.28,12.0
149,5,5,7,4,4,1.093,0.1673
149,5,5,7,4,4,1.093,0.158
149,5,5,7,4,4,1.093,0.147
669,2,4,4,4,4,361000.0,1251625.0
666,2,4,4,4,4,400000.0,1532608.0
667,2,4,4,4,4,600000.0,3718044.0
668,2,4,4,4,4,600000.0,3276187.0
255,3,4,6,4,4,7.1,300.0
250,3,4,6,4,4,8.3,380.0
257,3,4,4,4,4,52.5,16100.0
251,3,4,6,4,4,10.1,460.0
256,3,4,6,6,0,7.2,231.4
258,3,4,4,6,0,10.61,262.1
249,3,4,4,4,4,3.1,420.0
247,3,4,4,4,4,7.6,500.0
248,3,4,4,4,4,11.2,580.0
254,3,4,4,5,3,1.61,230.0
252,3,4,4,5,3,2.25,290.0
253,3,4,4,5,3,3.0,370.0
127,6,0,8,6,0,70.2,54.0
128,6,0,8,6,0,88.7,77.0
211,6,6,6,8,3,23.59,98.0
129,6,0,8,6,0,107.0,43.0
449,6,6,6,8,3,19.323,87.0
130,6,6,6,8,3,9.53,26.0
34,6,6,6,8,3,24.95,91.0
34,6,6,6,8,3,24.95,98.0
425,6,6,6,8,3,19.05,105.0
549,6,6,6,8,3,17.24,82.0
564,6,6,6,8,3,7.71,48.0
565,6,6,6,8,3,7.71,48.0
143,6,6,6,8,3,24.95,72.0
35,6,0,8,4,4,34.93,102.0
126,6,0,8,6,0,99.5,76.0
238,3,4,4,4,4,1.4,4.7
261,3,4,4,4,4,1.1,57.0
262,3,4,4,4,4,1.2,33.0
653,3,4,4,4,4,1.7,88.0
131,1,2,7,4,4,1000.0,2280.0
437,3,4,6,6,0,71.0,39.0
438,3,4,6,6,0,30.98,57.0
195,3,4,4,4,4,0.553,13.0
571,3,4,4,4,4,1.53,19.0
279,5,5,7,4,4,1.0,1.3
278,5,5,7,4,4,1.0,1.3
557,2,4,4,8,3,13.0,31.33
558,2,4,4,4,4,13.0,30.05
626,2,8,5,8,3,41.0,94.08
234,2,4,4,4,4,23.0,44.27
559,2,4,4,4,4,23.0,33.44
556,2,4,4,4,4,41.0,62.63
555,2,4,4,4,4,7.0,57.07
551,5,5,7,4,4,907.19,187.161
208,6,0,8,7,3,0.267906666666667,14.6
476,7,8,4,6,0,0.03,0.0108
481,6,4,6,6,0,45.0,2344.0
546,6,0,8,4,4,45.0,2344.0
339,1,2,7,4,4,1000.0,6109.0
339,1,2,7,4,4,1000.0,890.0
199,2,4,4,4,4,18.6,281.0
197,6,0,8,4,4,0.127,29.96
21,3,4,4,4,4,14.96,145.0
125,2,8,9,6,0,342.462,3139.9
651,2,4,4,4,4,342.462,2403.2
651,2,4,4,4,4,342.462,2268.1
590,1,2,7,4,4,1000.0,180.0
681,1,2,7,4,4,1000.0,140.0
272,3,4,10,6,0,3.5,278.0
575,3,4,4,4,4,2.0,1473.0
662,5,5,7,4,4,454.0,164.0
662,5,5,7,4,4,454.0,179.0
662,5,5,7,4,4,0.454,0.141
231,5,5,7,4,4,1000.0,24839.0
268,5,5,7,4,4,1000.0,21126.0
271,5,5,7,4,4,1000.0,18042.0
307,5,5,7,4,4,1000.0,26836.0
355,5,5,7,4,4,1000.0,3859.0
547,5,5,7,4,4,1000.0,114.8
451,5,5,7,4,4,1.0,16.884
471,1,2,7,4,4,1.0,26.0
474,1,2,7,4,4,1.0,26.0
468,1,2,7,4,4,1.0,26.0
182,1,2,7,4,4,1.0,1.85
214,1,2,7,4,4,1.0,5.0
213,1,2,7,4,4,1.0,9.0
598,1,2,7,4,4,0.0333333333333333,0.004
652,7,8,9,6,0,0.1,0.124
492,7,8,9,6,0,0.1,0.162
286,6,0,8,4,4,4.164,9.78
287,6,0,8,6,0,4.164,11.06
297,6,0,8,4,4,4.164,13.39
296,6,0,8,4,4,4.164,12.59
293,6,0,8,4,4,4.164,17.1
290,6,0,8,4,4,4.164,10.1
289,6,0,8,4,4,4.164,10.98
295,6,0,8,4,4,4.164,14.99
283,6,0,8,4,4,4.164,14.09
294,6,0,8,4,4,4.164,11.3
285,6,0,8,4,4,4.164,17.15
284,6,0,8,4,4,4.164,15.93
284,6,0,8,4,4,4.164,12.84
292,6,0,8,4,4,4.164,10.09
291,6,0,8,4,4,4.164,10.41
282,6,0,8,4,4,4.164,13.63
281,6,0,8,4,4,4.164,12.89
281,6,0,8,4,4,4.164,11.27
288,6,0,8,4,4,4.164,15.44
288,6,0,8,4,4,4.164,15.42
212,1,5,7,0,2,789.0,750.0
155,5,8,9,6,0,0.541,0.34
156,5,5,7,4,4,0.541,0.22
151,5,8,5,6,0,0.3,0.17
157,5,8,9,6,0,2.0,0.4
458,5,5,7,1,3,0.614,0.35
459,5,8,9,6,0,0.541,0.24
152,5,8,9,6,0,0.492,0.36
153,5,8,9,6,0,0.541,0.24
150,5,8,9,6,0,2.0,0.5
191,5,8,5,6,0,0.3,0.15
192,5,8,9,6,0,0.541,0.34
193,5,8,9,6,0,0.541,0.22
190,5,8,9,6,0,2.0,0.4
154,5,8,5,6,0,0.3,0.15
448,3,4,4,5,3,2.0,156.95
456,3,4,4,5,3,2.58,131.82
444,1,2,7,4,4,0.00127018044,0.063
501,1,2,7,4,4,1.0,0.18
501,1,2,7,4,4,1000.0,120.0
321,1,2,7,4,4,1.0,0.21
539,1,2,7,4,4,1.0,0.99
539,1,2,7,4,4,1000.0,1153.0
91,1,2,7,4,4,1000.0,210.0
602,2,4,4,4,4,181.0,655.0
602,2,4,4,4,4,181.0,4468.7
494,5,5,7,4,4,0.19,0.546
490,5,5,7,4,4,1.0,1.279
490,5,5,7,4,4,1.0,1.317
488,5,5,7,4,4,1.0,0.947
488,5,5,7,4,4,1.0,0.848
487,5,5,7,4,4,1.0,1.027
487,5,5,7,4,4,1.0,0.885
486,5,5,7,4,4,1.0,1.67
486,5,5,7,4,4,1.0,1.701
489,5,5,7,4,4,1.0,0.926
489,5,5,7,4,4,1.0,0.936
172,5,5,7,4,4,0.14,0.181
172,5,5,7,4,4,0.14,0.211
338,5,5,7,4,4,0.27,0.316
338,5,5,7,4,4,0.27,0.365
335,5,5,7,4,4,0.27,0.386
440,5,5,7,4,4,0.275,0.323
440,5,5,7,4,4,0.275,1.236
439,5,5,7,4,4,0.275,0.34
198,5,5,7,5,3,1.0,1.33
15,5,8,5,6,0,0.179,0.68
14,5,8,5,6,0,0.179,0.39
628,5,5,7,4,4,1000.0,1361.0
69,5,5,7,4,4,1000.0,1360.0
219,4,3,1,4,4,1.0,1.1
263,4,3,1,4,4,1.0,1.2
266,4,3,1,4,4,1.0,1.05
246,5,5,7,4,4,0.12,1.69
306,5,5,7,4,4,0.0465,0.33
310,5,5,7,4,4,25.0,130.0
307,5,5,7,4,4,20.0,301.0
332,5,5,7,4,4,0.126,0.74
308,5,5,7,4,4,25.0,319.0
309,5,5,7,4,4,20.0,433.0
312,5,5,7,4,4,20.0,585.0
311,5,5,7,4,4,20.0,393.0
370,5,5,7,4,4,0.011,0.03
373,5,5,7,4,4,0.4,1.01
434,5,5,7,4,4,20.0,58.0
442,5,5,7,4,4,0.058,0.5
27,5,5,7,4,4,0.12,0.58
538,5,5,7,4,4,0.075,0.24
48,5,5,7,4,4,0.4,1.07
49,5,5,7,4,4,0.085,0.58
50,5,5,7,4,4,0.25,0.2
59,5,5,7,4,4,25.0,780.0
165,5,5,7,4,4,0.09,0.27
166,5,5,7,4,4,0.1,0.23
188,5,5,7,4,4,12.0,155.0
189,5,5,7,4,4,220.0,155.71
633,5,5,7,4,4,25.0,12.52
634,5,5,7,4,4,238.0,155.78
635,5,5,7,4,4,25.0,16.22
491,5,5,7,4,4,0.002,0.02041
475,7,8,4,4,4,1000.0,871.0
123,2,4,4,4,4,0.03,0.0295
122,2,4,4,4,4,0.03,0.0255
122,2,4,4,4,4,0.03,0.023
221,6,6,12,8,3,59.02,39.5
576,6,6,6,8,3,16.78,34.0
525,2,4,4,4,4,17.46331,3653.0
525,2,4,4,4,4,17.46331,3505.0
525,2,4,4,4,4,17.46331,4218.0
163,2,4,4,4,4,149.685,51066.0
337,2,4,4,4,4,128.367,39653.0
388,0,1,3,4,4,1790.0,57100.0
392,0,1,3,4,4,1735.0,40600.0
374,0,1,3,4,4,1425.0,30500.0
396,0,1,3,4,4,1535.0,31500.0
401,0,1,3,4,4,1850.0,48800.0
409,0,1,3,4,4,1730.0,69000.0
375,0,1,3,4,4,1200.0,32000.0
377,0,1,3,4,4,1200.0,34000.0
378,0,1,3,4,4,1650.0,12000.0
381,0,1,3,4,4,1400.0,36000.0
382,0,1,3,4,4,1800.0,39000.0
383,0,1,3,4,4,1925.0,24000.0
385,0,1,3,4,4,1200.0,31000.0
376,0,1,3,4,4,1425.0,32500.0
387,0,1,3,4,4,2220.0,60000.0
389,0,1,3,4,4,1500.0,50000.0
390,0,1,3,4,4,2320.0,41000.0
391,0,1,3,4,4,2100.0,38000.0
393,0,1,3,4,4,1925.0,26000.0
395,0,1,3,4,4,1400.0,33000.0
397,0,1,3,4,4,2500.0,39000.0
398,0,1,3,4,4,2000.0,27000.0
399,0,1,3,4,4,3500.0,91000.0
400,0,1,3,4,4,3500.0,39000.0
380,0,1,3,4,4,1505.0,50500.0
404,0,1,3,4,4,2050.0,85000.0
405,0,1,3,4,4,2715.0,51000.0
406,0,1,3,4,4,2595.0,66000.0
407,0,1,3,4,4,2585.0,38000.0
408,0,1,3,4,4,2065.0,72000.0
410,0,1,3,4,4,2015.0,45000.0
384,0,1,3,4,4,1580.0,27400.0
394,0,1,3,4,4,1680.0,47200.0
402,0,1,3,4,4,2110.0,43600.0
403,0,1,3,4,4,2015.0,54000.0
379,0,1,3,4,4,1725.0,22600.0
386,0,1,3,4,4,1490.0,30000.0
563,5,5,7,4,4,1.0,1.531
196,5,5,7,0,2,1.0,1.297
499,5,8,9,6,0,1.0,0.174
78,5,8,9,6,0,1.0,0.145
175,5,5,7,4,4,1.0,2.279
545,5,5,7,4,4,1.0,1.26
33,5,5,7,4,4,1.0,2.253
58,1,2,7,4,4,1.78571428571429,0.567
452,1,2,7,4,4,1.25,0.501
303,3,4,4,4,4,0.445,10.41
302,3,4,4,4,4,0.158,0.89
176,3,4,4,4,4,0.26,1.86
215,3,4,4,8,3,0.363,7.9
479,3,4,4,4,4,81.918782,686.42
607,3,4,4,4,4,4.1,69.437
326,3,4,4,4,4,2.12,348.0
327,3,4,4,4,4,2.56,408.0
621,3,4,2,6,0,2.52,350.0
328,3,4,4,4,4,1.36,310.0
329,3,4,4,4,4,1.63,276.0
465,3,4,4,4,4,7.03,480.0
622,3,4,4,8,3,11.7,800.0
511,3,4,4,4,4,26.1,6360.0
510,3,4,4,4,4,26.1,6360.0
464,3,4,4,4,4,5.7,624.0
466,3,4,4,4,4,6.0,667.0
322,3,4,4,4,4,2.0,314.0
323,3,4,4,4,4,2.22,309.0
324,3,4,4,4,4,2.0,292.0
325,3,4,4,4,4,2.3,311.0
72,1,2,7,4,4,1.0,5.5
72,1,2,7,4,4,1000.0,5500.0
72,1,2,7,4,4,1000.0,6500.0
72,1,2,7,4,4,1000.0,6240.0
39,1,2,7,4,4,1000.0,3100.0
89,1,8,5,6,0,1000.0,2000.0
88,1,8,5,6,0,1000.0,2000.0
73,1,2,7,4,4,1000.0,4900.0
36,1,2,7,4,4,1000.0,4700.0
44,1,2,7,4,4,1000.0,1320.0
45,1,2,7,4,4,1000.0,141.0
142,1,2,7,4,4,1000.0,440.0
144,1,2,7,4,4,1.0,2.85
146,1,2,7,4,4,1000.0,1800.0
87,1,8,5,6,0,1000.0,1600.0
86,1,8,5,6,0,1000.0,1600.0
473,1,2,7,4,4,1000.0,2200.0
472,1,2,7,4,4,1000.0,2200.0
43,1,2,7,4,4,1.0,3.0
42,1,2,7,4,4,1000.0,3420.0
42,1,2,7,4,4,1000.0,2580.0
42,1,2,7,4,4,1.0,2.54
41,1,2,7,4,4,1.0,2.2
40,1,2,7,4,4,1000.0,3010.0
40,1,2,7,4,4,1000.0,2760.0
40,1,2,7,4,4,1.0,2.69
38,1,2,7,4,4,1.0,2.0
37,1,2,7,4,4,1000.0,3400.0
37,1,2,7,4,4,1000.0,2910.0
37,1,2,7,4,4,1.0,3.56
588,1,2,7,4,4,1000.0,1200.0
587,1,2,7,4,4,1000.0,220.0
145,1,2,7,4,4,1000.0,850.0
216,5,5,7,8,3,1041.66666666667,2019.0
216,5,5,7,8,3,1041.66666666667,1280.0
367,5,5,7,4,4,1000.0,603.0
369,5,5,7,4,4,1000.0,520.0
368,5,5,7,4,4,1000.0,561.0
365,5,5,7,4,4,1000.0,947.0
366,5,5,7,4,4,1000.0,599.0
640,5,5,7,4,4,1000.0,240.0
240,7,8,4,4,4,0.354,0.944
241,7,8,4,4,4,0.195,0.531
239,3,4,4,4,4,1.98804,79.188
630,0,1,3,4,4,12.7,105.924
171,7,8,4,4,4,1.0,1.16
679,5,5,7,4,4,0.00235,0.0004
173,5,5,7,4,4,0.00235,0.00043
589,1,2,7,4,4,1.0,70.0
676,1,2,7,4,4,1.0,6.0
11,7,8,9,6,0,0.048,0.07
4,7,8,4,4,4,0.0434,0.01
217,7,8,4,1,3,1000.0,721.0
596,5,5,7,4,4,1.0,65.71
595,5,5,7,4,4,1.0,47.51
443,5,5,7,4,4,1.0,45.81
596,5,5,7,4,4,1.0,74.64
632,5,5,7,4,4,1.0,0.7
554,4,3,1,4,4,1000.0,3940.0
554,4,3,1,4,4,1000.0,410.0
553,4,3,1,4,4,1000.0,5340.0
553,4,3,1,4,4,1000.0,410.0
55,4,3,1,4,4,1000.0,2219.0
513,4,3,1,4,4,1000.0,6512.0
140,4,3,1,4,4,1000.0,720.0
678,6,0,8,4,4,1.3,50.0
675,2,4,4,4,4,1.0,2.923
650,6,0,8,6,0,6.4,409.0
649,6,0,8,2,3,6.4,409.0
457,3,4,4,5,3,1.3,213.17
7,3,4,4,8,3,9.26,1.672
84,0,1,3,4,4,450.0,502.0
85,0,1,3,4,4,450.0,446.0
542,3,4,4,4,4,26.0,2300.0
543,3,4,4,4,4,33.0,2400.0
108,3,4,4,4,4,13.0,491.0
6,3,4,6,6,0,24.0,573.0
109,3,4,4,4,4,25.600753,1400.0
110,3,4,4,4,4,115.0,1500.0
242,3,4,4,4,4,31.7,1200.0
243,3,4,4,4,4,19.0,2300.0
244,3,4,4,4,4,31.7,1300.0
540,3,4,4,4,4,19.0,2300.0
541,3,4,4,4,4,31.7,1300.0
185,3,4,4,8,3,5.89,140.1
186,3,4,4,8,3,5.89,140.1
560,3,4,4,4,4,7.0,690.0
71,0,1,3,4,4,1820.086,27588.0
71,0,1,3,4,4,1820.086,33933.0
71,0,1,3,4,4,1820.086,39100.0
68,0,1,3,4,4,1820.086,36386.0
141,2,4,4,4,4,1.0,2.42
148,1,2,7,4,4,1000.0,3025.0
210,3,4,4,4,4,2270.0,9328.0
319,0,1,3,4,4,2272.33,191687.0
298,4,3,1,4,4,1000.0,370.0
298,4,3,1,4,4,1000.0,211.0
275,4,3,1,4,4,1000.0,292.0
275,4,3,1,4,4,1000.0,210.0
12,3,4,4,4,4,0.0084,0.634
22,3,4,4,4,4,0.0084,0.691
13,3,4,4,4,4,0.0084,0.735
470,4,3,1,4,4,4.7,7.3
526,4,3,1,4,4,140000.0,167000.0
277,3,4,4,4,4,0.6,49.98
561,3,4,4,4,4,0.4082331,29.0
187,3,4,4,8,3,0.4082331,14.0
427,3,4,4,4,4,0.4082331,7.0
164,1,2,7,4,4,2.0,188.0
629,1,2,7,4,4,2.0,63.0
204,6,0,8,5,3,0.25,0.7
467,6,0,11,7,3,0.18,2.1
527,6,8,9,6,0,0.3,1.8
500,6,9,4,2,3,0.12,0.5
80,6,0,8,4,4,0.02,0.1
314,3,4,4,4,4,0.05,1.2
92,6,0,8,4,4,0.15,0.8
203,6,0,8,4,4,0.5,1.5
469,5,5,7,4,4,0.1,0.6
424,6,4,10,6,0,0.04,0.4
